{"v":"4.8.0","meta":{"g":"LottieFiles AE 3.0.2","a":"","k":"","d":"","tc":""},"fr":60,"ip":0,"op":241,"w":512,"h":512,"nm":"Lottie Loader new 2","assets":[],"layers":[{"ind":1,"ty":4,"nm":"Bezier 25","sr":1,"ks":{"o":{"a":1,"k":[{"i":{"x":[0.833],"y":[1]},"o":{"x":[0.167],"y":[0]},"t":120,"s":[0]},{"i":{"x":[0.833],"y":[1]},"o":{"x":[0.167],"y":[0]},"t":180,"s":[0]},{"t":190,"s":[100]}]},"r":{"a":1,"k":[{"i":{"x":[0.232],"y":[0.991]},"o":{"x":[0.761],"y":[0.009]},"t":120,"s":[0]},{"t":200,"s":[810]}]},"p":{"a":0,"k":[256,256,0]},"a":{"a":0,"k":[479.5,-90,0]},"s":{"a":1,"k":[{"i":{"x":[0.833,0.833,0.833],"y":[1,1,1]},"o":{"x":[0.167,0.167,0.167],"y":[0,0,0]},"t":120,"s":[74,74,100]},{"i":{"x":[0.833,0.833,0.833],"y":[1,1,1]},"o":{"x":[0.167,0.167,0.167],"y":[0,0,0]},"t":150,"s":[60,60,100]},{"i":{"x":[0.833,0.833,0.833],"y":[1,1,1]},"o":{"x":[0.167,0.167,0.167],"y":[0,0,0]},"t":180,"s":[74,74,100]},{"i":{"x":[0.833,0.833,0.833],"y":[1,1,1]},"o":{"x":[0.167,0.167,0.167],"y":[0,0,0]},"t":210,"s":[60,60,100]},{"t":240,"s":[74,74,100]}]}},"ao":0,"shapes":[{"ty":"gr","it":[{"ind":0,"ty":"sh","ks":{"a":1,"k":[{"i":{"x":0.833,"y":0.833},"o":{"x":0.221,"y":0},"t":120,"s":[{"i":[[-216,0],[-209,0]],"o":[[214,0],[193,0]],"v":[[300,64],[659,-244]],"c":false}]},{"i":{"x":0.004,"y":0},"o":{"x":0.167,"y":0.167},"t":130,"s":[{"i":[[-164.903,-51.097],[-93.232,198.742]],"o":[[119.311,104.356],[107.339,-91.138]],"v":[[305.032,-9.13],[653.687,-171.658]],"c":false}]},{"i":{"x":0.568,"y":0.571},"o":{"x":0.368,"y":0.37},"t":140,"s":[{"i":[[-108,-108],[-14.27,230.096]],"o":[[13.864,220.569],[11.946,-192.63]],"v":[[310.636,-90.569],[647.77,-91.096]],"c":false}]},{"i":{"x":0.74,"y":1},"o":{"x":0.908,"y":0.901},"t":180,"s":[{"i":[[-108,-108],[-14.27,230.096]],"o":[[13.864,220.569],[11.946,-192.63]],"v":[[310.636,-90.569],[647.77,-91.096]],"c":false}]},{"t":210,"s":[{"i":[[-108,-108],[-0.27,-214.904]],"o":[[-0.136,211.569],[0.242,193]],"v":[[325.636,-270.569],[633.77,89.904]],"c":false}]}]},"nm":"Path 1"},{"ty":"st","c":{"a":0,"k":[0,0.337,0.337,1]},"o":{"a":0,"k":100},"w":{"a":0,"k":68},"lc":2,"lj":2,"nm":"Stroke 1"},{"ty":"tr","p":{"a":0,"k":[0,0]},"a":{"a":0,"k":[0,0]},"s":{"a":0,"k":[100,100]},"r":{"a":0,"k":0},"o":{"a":0,"k":100},"sk":{"a":0,"k":0},"sa":{"a":0,"k":0},"nm":"Transform"}],"nm":"Shape 1"},{"ty":"tm","s":{"a":1,"k":[{"i":{"x":[0.833],"y":[1]},"o":{"x":[0.167],"y":[0]},"t":120,"s":[0]},{"i":{"x":[0.833],"y":[1]},"o":{"x":[0.669],"y":[0]},"t":187,"s":[100]},{"t":226,"s":[0]}]},"e":{"a":1,"k":[{"i":{"x":[0.833],"y":[1]},"o":{"x":[0.167],"y":[0]},"t":120,"s":[0]},{"i":{"x":[0.833],"y":[1]},"o":{"x":[0.669],"y":[0]},"t":182,"s":[100]},{"t":221,"s":[0]}]},"o":{"a":0,"k":0},"m":1,"nm":"Trim Paths 1"}],"ip":120,"op":241,"st":120},{"ind":2,"ty":4,"nm":"Bezier 24","sr":1,"ks":{"o":{"a":0,"k":100},"r":{"a":1,"k":[{"i":{"x":[0.232],"y":[0.991]},"o":{"x":[0.761],"y":[0.009]},"t":120,"s":[0]},{"t":200,"s":[810]}]},"p":{"a":0,"k":[256,256,0]},"a":{"a":0,"k":[479.5,-90,0]},"s":{"a":1,"k":[{"i":{"x":[0.833,0.833,0.833],"y":[1,1,1]},"o":{"x":[0.167,0.167,0.167],"y":[0,0,0]},"t":120,"s":[74,74,100]},{"i":{"x":[0.833,0.833,0.833],"y":[1,1,1]},"o":{"x":[0.167,0.167,0.167],"y":[0,0,0]},"t":150,"s":[60,60,100]},{"i":{"x":[0.833,0.833,0.833],"y":[1,1,1]},"o":{"x":[0.167,0.167,0.167],"y":[0,0,0]},"t":180,"s":[74,74,100]},{"i":{"x":[0.833,0.833,0.833],"y":[1,1,1]},"o":{"x":[0.167,0.167,0.167],"y":[0,0,0]},"t":210,"s":[60,60,100]},{"t":240,"s":[74,74,100]}]}},"ao":0,"shapes":[{"ty":"gr","it":[{"ind":0,"ty":"sh","ks":{"a":1,"k":[{"i":{"x":0.833,"y":0.833},"o":{"x":0.221,"y":0},"t":120,"s":[{"i":[[-216,0],[-209,0]],"o":[[214,0],[193,0]],"v":[[300,64],[659,-244]],"c":false}]},{"i":{"x":0.004,"y":0},"o":{"x":0.167,"y":0.167},"t":130,"s":[{"i":[[-164.903,-51.097],[-93.232,198.742]],"o":[[119.311,104.356],[107.339,-91.138]],"v":[[305.032,-9.13],[653.687,-171.658]],"c":false}]},{"i":{"x":0.568,"y":0.571},"o":{"x":0.368,"y":0.37},"t":140,"s":[{"i":[[-108,-108],[-14.27,230.096]],"o":[[13.864,220.569],[11.946,-192.63]],"v":[[310.636,-90.569],[647.77,-91.096]],"c":false}]},{"i":{"x":0.74,"y":1},"o":{"x":0.908,"y":0.901},"t":180,"s":[{"i":[[-108,-108],[-14.27,230.096]],"o":[[13.864,220.569],[11.946,-192.63]],"v":[[310.636,-90.569],[647.77,-91.096]],"c":false}]},{"t":210,"s":[{"i":[[-108,-108],[-0.27,-214.904]],"o":[[-0.136,211.569],[0.242,193]],"v":[[325.636,-270.569],[633.77,89.904]],"c":false}]}]},"nm":"Path 1"},{"ty":"st","c":{"a":0,"k":[0,0.337,0.337,1]},"o":{"a":0,"k":100},"w":{"a":0,"k":68},"lc":2,"lj":2,"nm":"Stroke 1"},{"ty":"tr","p":{"a":0,"k":[0,0]},"a":{"a":0,"k":[0,0]},"s":{"a":0,"k":[100,100]},"r":{"a":0,"k":0},"o":{"a":0,"k":40},"sk":{"a":0,"k":0},"sa":{"a":0,"k":0},"nm":"Transform"}],"nm":"Shape 1"},{"ty":"gr","it":[{"ind":0,"ty":"sh","ks":{"a":1,"k":[{"i":{"x":0.833,"y":0.833},"o":{"x":0.221,"y":0},"t":120,"s":[{"i":[[-216,0],[-209,0]],"o":[[214,0],[193,0]],"v":[[300,64],[659,-244]],"c":false}]},{"i":{"x":0.004,"y":0},"o":{"x":0.167,"y":0.167},"t":130,"s":[{"i":[[-164.903,-51.097],[-93.232,198.742]],"o":[[119.311,104.356],[107.339,-91.138]],"v":[[305.032,-9.13],[653.687,-171.658]],"c":false}]},{"i":{"x":0.568,"y":0.571},"o":{"x":0.368,"y":0.37},"t":140,"s":[{"i":[[-108,-108],[-14.27,230.096]],"o":[[13.864,220.569],[11.946,-192.63]],"v":[[310.636,-90.569],[647.77,-91.096]],"c":false}]},{"i":{"x":0.74,"y":1},"o":{"x":0.908,"y":0.901},"t":180,"s":[{"i":[[-108,-108],[-14.27,230.096]],"o":[[13.864,220.569],[11.946,-192.63]],"v":[[310.636,-90.569],[647.77,-91.096]],"c":false}]},{"t":210,"s":[{"i":[[-108,-108],[-0.27,-214.904]],"o":[[-0.136,211.569],[0.242,193]],"v":[[325.636,-270.569],[633.77,89.904]],"c":false}]}]},"nm":"Path 1"},{"ty":"st","c":{"a":0,"k":[0,0.867,0.702,1]},"o":{"a":0,"k":100},"w":{"a":0,"k":68},"lc":2,"lj":2,"nm":"Stroke 1"},{"ty":"tr","p":{"a":0,"k":[0,0]},"a":{"a":0,"k":[0,0]},"s":{"a":0,"k":[100,100]},"r":{"a":0,"k":0},"o":{"a":0,"k":100},"sk":{"a":0,"k":0},"sa":{"a":0,"k":0},"nm":"Transform"}],"nm":"Shape 2"},{"ty":"tm","s":{"a":1,"k":[{"i":{"x":[0.833],"y":[1]},"o":{"x":[0.669],"y":[0]},"t":194,"s":[100]},{"t":228,"s":[0]}]},"e":{"a":1,"k":[{"i":{"x":[0.833],"y":[1]},"o":{"x":[0.669],"y":[0]},"t":188,"s":[100]},{"t":222,"s":[0]}]},"o":{"a":0,"k":0},"m":1,"nm":"Trim Paths 1"}],"ip":120,"op":241,"st":120},{"ind":3,"ty":4,"nm":"Bezier 23","sr":1,"ks":{"o":{"a":0,"k":100},"r":{"a":1,"k":[{"i":{"x":[0.232],"y":[0.991]},"o":{"x":[0.761],"y":[0.009]},"t":120,"s":[0]},{"t":200,"s":[810]}]},"p":{"a":0,"k":[256,256,0]},"a":{"a":0,"k":[479.5,-90,0]},"s":{"a":1,"k":[{"i":{"x":[0.833,0.833,0.833],"y":[1,1,1]},"o":{"x":[0.167,0.167,0.167],"y":[0,0,0]},"t":120,"s":[74,74,100]},{"i":{"x":[0.833,0.833,0.833],"y":[1,1,1]},"o":{"x":[0.167,0.167,0.167],"y":[0,0,0]},"t":150,"s":[60,60,100]},{"i":{"x":[0.833,0.833,0.833],"y":[1,1,1]},"o":{"x":[0.167,0.167,0.167],"y":[0,0,0]},"t":180,"s":[74,74,100]},{"i":{"x":[0.833,0.833,0.833],"y":[1,1,1]},"o":{"x":[0.167,0.167,0.167],"y":[0,0,0]},"t":210,"s":[60,60,100]},{"t":240,"s":[74,74,100]}]}},"ao":0,"shapes":[{"ty":"gr","it":[{"ind":0,"ty":"sh","ks":{"a":1,"k":[{"i":{"x":0.004,"y":0},"o":{"x":0.221,"y":0},"t":120,"s":[{"i":[[-216,0],[-209,0]],"o":[[214,0],[193,0]],"v":[[300,64],[659,-244]],"c":false}]},{"i":{"x":0.568,"y":0.571},"o":{"x":0.368,"y":0.37},"t":140,"s":[{"i":[[-108,-108],[-14.27,230.096]],"o":[[13.864,220.569],[11.946,-192.63]],"v":[[310.636,-90.569],[647.77,-91.096]],"c":false}]},{"i":{"x":0.74,"y":1},"o":{"x":0.908,"y":0.901},"t":180,"s":[{"i":[[-108,-108],[-14.27,230.096]],"o":[[13.864,220.569],[11.946,-192.63]],"v":[[310.636,-90.569],[647.77,-91.096]],"c":false}]},{"t":200,"s":[{"i":[[-108,-108],[-0.27,-214.904]],"o":[[-0.136,211.569],[0.242,193]],"v":[[325.636,-270.569],[633.77,89.904]],"c":false}]}]},"nm":"Path 1"},{"ty":"st","c":{"a":0,"k":[0,0.867,0.702,1]},"o":{"a":0,"k":100},"w":{"a":0,"k":68},"lc":2,"lj":2,"nm":"Stroke 1"},{"ty":"tr","p":{"a":0,"k":[0,0]},"a":{"a":0,"k":[0,0]},"s":{"a":0,"k":[100,100]},"r":{"a":0,"k":0},"o":{"a":0,"k":50},"sk":{"a":0,"k":0},"sa":{"a":0,"k":0},"nm":"Transform"}],"nm":"Shape 1"},{"ty":"tm","s":{"a":1,"k":[{"i":{"x":[0.833],"y":[1]},"o":{"x":[0.669],"y":[0]},"t":199,"s":[100]},{"t":234,"s":[0]}]},"e":{"a":1,"k":[{"i":{"x":[0.808],"y":[1]},"o":{"x":[0.618],"y":[-0.003]},"t":190,"s":[100]},{"t":225,"s":[0]}]},"o":{"a":0,"k":0},"m":1,"nm":"Trim Paths 1"}],"ip":120,"op":241,"st":120},{"ind":4,"ty":4,"nm":"Bezier 22","sr":1,"ks":{"o":{"a":0,"k":100},"r":{"a":1,"k":[{"i":{"x":[0.232],"y":[0.991]},"o":{"x":[0.761],"y":[0.009]},"t":120,"s":[0]},{"t":200,"s":[810]}]},"p":{"a":0,"k":[256,256,0]},"a":{"a":0,"k":[479.5,-90,0]},"s":{"a":1,"k":[{"i":{"x":[0.833,0.833,0.833],"y":[1,1,1]},"o":{"x":[0.167,0.167,0.167],"y":[0,0,0]},"t":120,"s":[74,74,100]},{"i":{"x":[0.833,0.833,0.833],"y":[1,1,1]},"o":{"x":[0.167,0.167,0.167],"y":[0,0,0]},"t":150,"s":[60,60,100]},{"i":{"x":[0.833,0.833,0.833],"y":[1,1,1]},"o":{"x":[0.167,0.167,0.167],"y":[0,0,0]},"t":180,"s":[74,74,100]},{"i":{"x":[0.833,0.833,0.833],"y":[1,1,1]},"o":{"x":[0.167,0.167,0.167],"y":[0,0,0]},"t":210,"s":[60,60,100]},{"t":240,"s":[74,74,100]}]}},"ao":0,"shapes":[{"ty":"gr","it":[{"ind":0,"ty":"sh","ks":{"a":1,"k":[{"i":{"x":0.833,"y":0.833},"o":{"x":0.221,"y":0},"t":120,"s":[{"i":[[-216,0],[-209,0]],"o":[[214,0],[193,0]],"v":[[300,64],[659,-244]],"c":false}]},{"i":{"x":0.004,"y":0},"o":{"x":0.167,"y":0.167},"t":130,"s":[{"i":[[-164.903,-51.097],[-93.232,198.742]],"o":[[119.311,104.356],[107.339,-91.138]],"v":[[305.032,-9.13],[653.687,-171.658]],"c":false}]},{"i":{"x":0.568,"y":0.571},"o":{"x":0.368,"y":0.37},"t":140,"s":[{"i":[[-108,-108],[-14.27,230.096]],"o":[[13.864,220.569],[11.946,-192.63]],"v":[[310.636,-90.569],[647.77,-91.096]],"c":false}]},{"i":{"x":0.74,"y":1},"o":{"x":0.908,"y":0.901},"t":180,"s":[{"i":[[-108,-108],[-14.27,230.096]],"o":[[13.864,220.569],[11.946,-192.63]],"v":[[310.636,-90.569],[647.77,-91.096]],"c":false}]},{"t":210,"s":[{"i":[[-108,-108],[-0.27,-214.904]],"o":[[-0.136,211.569],[0.242,193]],"v":[[325.636,-270.569],[633.77,89.904]],"c":false}]}]},"nm":"Path 1"},{"ty":"st","c":{"a":0,"k":[1,1,1,1]},"o":{"a":0,"k":100},"w":{"a":0,"k":68},"lc":2,"lj":2,"nm":"Stroke 1"},{"ty":"tr","p":{"a":0,"k":[0,0]},"a":{"a":0,"k":[0,0]},"s":{"a":0,"k":[100,100]},"r":{"a":0,"k":0},"o":{"a":0,"k":100},"sk":{"a":0,"k":0},"sa":{"a":0,"k":0},"nm":"Transform"}],"nm":"Shape 1"}],"ip":120,"op":241,"st":120},{"ind":5,"ty":4,"nm":"Shape Layer 2","sr":1,"ks":{"o":{"a":0,"k":100},"r":{"a":0,"k":0},"p":{"a":0,"k":[256,256,0]},"a":{"a":0,"k":[0,0,0]},"s":{"a":1,"k":[{"i":{"x":[0.654,0.654,0.833],"y":[1,1,1]},"o":{"x":[0.333,0.333,0.333],"y":[0,0,0]},"t":120,"s":[100,100,100]},{"i":{"x":[0.667,0.667,0.667],"y":[1,1,1]},"o":{"x":[0.276,0.276,0.159],"y":[0,0,0]},"t":150,"s":[82,82,100]},{"i":{"x":[0.698,0.698,0.833],"y":[1,1,1]},"o":{"x":[0.333,0.333,0.333],"y":[0,0,0]},"t":180,"s":[100,100,100]},{"i":{"x":[0.667,0.667,0.667],"y":[1,1,1]},"o":{"x":[0.304,0.304,0.167],"y":[0,0,0]},"t":210,"s":[82,82,100]},{"t":240,"s":[100,100,100]}]}},"ao":0,"shapes":[{"ty":"gr","it":[{"d":1,"ty":"el","s":{"a":0,"k":[512,512]},"p":{"a":0,"k":[0,0]},"nm":"Ellipse Path 1"},{"ty":"fl","c":{"a":0,"k":[0,0.867,0.702,1]},"o":{"a":0,"k":100},"r":1,"nm":"Fill 1"},{"ty":"tr","p":{"a":0,"k":[0,0]},"a":{"a":0,"k":[0,0]},"s":{"a":0,"k":[100,100]},"r":{"a":0,"k":0},"o":{"a":0,"k":100},"sk":{"a":0,"k":0},"sa":{"a":0,"k":0},"nm":"Transform"}],"nm":"Ellipse 1"}],"ip":120,"op":241,"st":120},{"ind":6,"ty":4,"nm":"Bezier 19","sr":1,"ks":{"o":{"a":1,"k":[{"i":{"x":[0.833],"y":[1]},"o":{"x":[0.167],"y":[0]},"t":0,"s":[0]},{"i":{"x":[0.833],"y":[1]},"o":{"x":[0.167],"y":[0]},"t":60,"s":[0]},{"t":70,"s":[100]}]},"r":{"a":1,"k":[{"i":{"x":[0.232],"y":[0.991]},"o":{"x":[0.761],"y":[0.009]},"t":0,"s":[0]},{"t":80,"s":[810]}]},"p":{"a":0,"k":[256,256,0]},"a":{"a":0,"k":[479.5,-90,0]},"s":{"a":1,"k":[{"i":{"x":[0.833,0.833,0.833],"y":[1,1,1]},"o":{"x":[0.167,0.167,0.167],"y":[0,0,0]},"t":0,"s":[74,74,100]},{"i":{"x":[0.833,0.833,0.833],"y":[1,1,1]},"o":{"x":[0.167,0.167,0.167],"y":[0,0,0]},"t":30,"s":[60,60,100]},{"i":{"x":[0.833,0.833,0.833],"y":[1,1,1]},"o":{"x":[0.167,0.167,0.167],"y":[0,0,0]},"t":60,"s":[74,74,100]},{"i":{"x":[0.833,0.833,0.833],"y":[1,1,1]},"o":{"x":[0.167,0.167,0.167],"y":[0,0,0]},"t":90,"s":[60,60,100]},{"t":120,"s":[74,74,100]}]}},"ao":0,"shapes":[{"ty":"gr","it":[{"ind":0,"ty":"sh","ks":{"a":1,"k":[{"i":{"x":0.833,"y":0.833},"o":{"x":0.221,"y":0},"t":0,"s":[{"i":[[-216,0],[-209,0]],"o":[[214,0],[193,0]],"v":[[300,64],[659,-244]],"c":false}]},{"i":{"x":0.004,"y":0},"o":{"x":0.167,"y":0.167},"t":10,"s":[{"i":[[-164.903,-51.097],[-93.232,198.742]],"o":[[119.311,104.356],[107.339,-91.138]],"v":[[305.032,-9.13],[653.687,-171.658]],"c":false}]},{"i":{"x":0.568,"y":0.571},"o":{"x":0.368,"y":0.37},"t":20,"s":[{"i":[[-108,-108],[-14.27,230.096]],"o":[[13.864,220.569],[11.946,-192.63]],"v":[[310.636,-90.569],[647.77,-91.096]],"c":false}]},{"i":{"x":0.833,"y":0.833},"o":{"x":0.908,"y":0.901},"t":60,"s":[{"i":[[-108,-108],[-14.27,230.096]],"o":[[13.864,220.569],[11.946,-192.63]],"v":[[310.636,-90.569],[647.77,-91.096]],"c":false}]},{"i":{"x":0.74,"y":1},"o":{"x":0.167,"y":0.167},"t":71,"s":[{"i":[[-108,-108],[-47.079,56.864]],"o":[[8.518,217.131],[7.477,-45.36]],"v":[[316.364,-159.309],[622.765,-27.532]],"c":false}]},{"t":90,"s":[{"i":[[-108,-108],[-0.27,-214.904]],"o":[[-0.136,211.569],[0.242,193]],"v":[[325.636,-270.569],[633.77,89.904]],"c":false}]}]},"nm":"Path 1"},{"ty":"st","c":{"a":0,"k":[0,0.337,0.337,1]},"o":{"a":0,"k":100},"w":{"a":0,"k":68},"lc":2,"lj":2,"nm":"Stroke 1"},{"ty":"tr","p":{"a":0,"k":[0,0]},"a":{"a":0,"k":[0,0]},"s":{"a":0,"k":[100,100]},"r":{"a":0,"k":0},"o":{"a":0,"k":100},"sk":{"a":0,"k":0},"sa":{"a":0,"k":0},"nm":"Transform"}],"nm":"Shape 1"},{"ty":"tm","s":{"a":1,"k":[{"i":{"x":[0.833],"y":[1]},"o":{"x":[0.167],"y":[0]},"t":0,"s":[0]},{"i":{"x":[0.833],"y":[1]},"o":{"x":[0.669],"y":[0]},"t":67,"s":[0]},{"t":106,"s":[100]}]},"e":{"a":1,"k":[{"i":{"x":[0.833],"y":[1]},"o":{"x":[0.167],"y":[0]},"t":0,"s":[0]},{"i":{"x":[0.833],"y":[1]},"o":{"x":[0.669],"y":[0]},"t":62,"s":[0]},{"t":101,"s":[100]}]},"o":{"a":0,"k":0},"m":1,"nm":"Trim Paths 1"}],"ip":0,"op":120,"st":0},{"ind":7,"ty":4,"nm":"Bezier 20","sr":1,"ks":{"o":{"a":0,"k":100},"r":{"a":1,"k":[{"i":{"x":[0.232],"y":[0.991]},"o":{"x":[0.761],"y":[0.009]},"t":0,"s":[0]},{"t":80,"s":[810]}]},"p":{"a":0,"k":[256,256,0]},"a":{"a":0,"k":[479.5,-90,0]},"s":{"a":1,"k":[{"i":{"x":[0.833,0.833,0.833],"y":[1,1,1]},"o":{"x":[0.167,0.167,0.167],"y":[0,0,0]},"t":0,"s":[74,74,100]},{"i":{"x":[0.833,0.833,0.833],"y":[1,1,1]},"o":{"x":[0.167,0.167,0.167],"y":[0,0,0]},"t":30,"s":[60,60,100]},{"i":{"x":[0.833,0.833,0.833],"y":[1,1,1]},"o":{"x":[0.167,0.167,0.167],"y":[0,0,0]},"t":60,"s":[74,74,100]},{"i":{"x":[0.833,0.833,0.833],"y":[1,1,1]},"o":{"x":[0.167,0.167,0.167],"y":[0,0,0]},"t":90,"s":[60,60,100]},{"t":120,"s":[74,74,100]}]}},"ao":0,"shapes":[{"ty":"gr","it":[{"ind":0,"ty":"sh","ks":{"a":1,"k":[{"i":{"x":0.833,"y":0.833},"o":{"x":0.221,"y":0},"t":0,"s":[{"i":[[-216,0],[-209,0]],"o":[[214,0],[193,0]],"v":[[300,64],[659,-244]],"c":false}]},{"i":{"x":0.004,"y":0},"o":{"x":0.167,"y":0.167},"t":10,"s":[{"i":[[-164.903,-51.097],[-93.232,198.742]],"o":[[119.311,104.356],[107.339,-91.138]],"v":[[305.032,-9.13],[653.687,-171.658]],"c":false}]},{"i":{"x":0.568,"y":0.571},"o":{"x":0.368,"y":0.37},"t":20,"s":[{"i":[[-108,-108],[-14.27,230.096]],"o":[[13.864,220.569],[11.946,-192.63]],"v":[[310.636,-90.569],[647.77,-91.096]],"c":false}]},{"i":{"x":0.833,"y":0.833},"o":{"x":0.908,"y":0.901},"t":60,"s":[{"i":[[-108,-108],[-14.27,230.096]],"o":[[13.864,220.569],[11.946,-192.63]],"v":[[310.636,-90.569],[647.77,-91.096]],"c":false}]},{"i":{"x":0.74,"y":1},"o":{"x":0.167,"y":0.167},"t":71,"s":[{"i":[[-108,-108],[-47.079,56.864]],"o":[[8.518,217.131],[7.477,-45.36]],"v":[[316.364,-159.309],[622.765,-27.532]],"c":false}]},{"t":90,"s":[{"i":[[-108,-108],[-0.27,-214.904]],"o":[[-0.136,211.569],[0.242,193]],"v":[[325.636,-270.569],[633.77,89.904]],"c":false}]}]},"nm":"Path 1"},{"ty":"st","c":{"a":0,"k":[0,0.337,0.337,1]},"o":{"a":0,"k":100},"w":{"a":0,"k":68},"lc":2,"lj":2,"nm":"Stroke 1"},{"ty":"tr","p":{"a":0,"k":[0,0]},"a":{"a":0,"k":[0,0]},"s":{"a":0,"k":[100,100]},"r":{"a":0,"k":0},"o":{"a":0,"k":40},"sk":{"a":0,"k":0},"sa":{"a":0,"k":0},"nm":"Transform"}],"nm":"Shape 1"},{"ty":"gr","it":[{"ind":0,"ty":"sh","ks":{"a":1,"k":[{"i":{"x":0.833,"y":0.833},"o":{"x":0.221,"y":0},"t":0,"s":[{"i":[[-216,0],[-209,0]],"o":[[214,0],[193,0]],"v":[[300,64],[659,-244]],"c":false}]},{"i":{"x":0.004,"y":0},"o":{"x":0.167,"y":0.167},"t":10,"s":[{"i":[[-164.903,-51.097],[-93.232,198.742]],"o":[[119.311,104.356],[107.339,-91.138]],"v":[[305.032,-9.13],[653.687,-171.658]],"c":false}]},{"i":{"x":0.568,"y":0.571},"o":{"x":0.368,"y":0.37},"t":20,"s":[{"i":[[-108,-108],[-14.27,230.096]],"o":[[13.864,220.569],[11.946,-192.63]],"v":[[310.636,-90.569],[647.77,-91.096]],"c":false}]},{"i":{"x":0.833,"y":0.833},"o":{"x":0.908,"y":0.901},"t":60,"s":[{"i":[[-108,-108],[-14.27,230.096]],"o":[[13.864,220.569],[11.946,-192.63]],"v":[[310.636,-90.569],[647.77,-91.096]],"c":false}]},{"i":{"x":0.74,"y":1},"o":{"x":0.167,"y":0.167},"t":71,"s":[{"i":[[-108,-108],[-47.079,56.864]],"o":[[8.518,217.131],[7.477,-45.36]],"v":[[316.364,-159.309],[622.765,-27.532]],"c":false}]},{"t":90,"s":[{"i":[[-108,-108],[-0.27,-214.904]],"o":[[-0.136,211.569],[0.242,193]],"v":[[325.636,-270.569],[633.77,89.904]],"c":false}]}]},"nm":"Path 1"},{"ty":"st","c":{"a":0,"k":[0,0.867,0.702,1]},"o":{"a":0,"k":100},"w":{"a":0,"k":68},"lc":2,"lj":2,"nm":"Stroke 1"},{"ty":"tr","p":{"a":0,"k":[0,0]},"a":{"a":0,"k":[0,0]},"s":{"a":0,"k":[100,100]},"r":{"a":0,"k":0},"o":{"a":0,"k":100},"sk":{"a":0,"k":0},"sa":{"a":0,"k":0},"nm":"Transform"}],"nm":"Shape 2"},{"ty":"tm","s":{"a":1,"k":[{"i":{"x":[0.833],"y":[1]},"o":{"x":[0.669],"y":[0]},"t":70,"s":[0]},{"t":110,"s":[100]}]},"e":{"a":1,"k":[{"i":{"x":[0.833],"y":[1]},"o":{"x":[0.669],"y":[0]},"t":64,"s":[0]},{"t":104,"s":[100]}]},"o":{"a":0,"k":0},"m":1,"nm":"Trim Paths 1"}],"ip":0,"op":120,"st":0},{"ind":8,"ty":4,"nm":"Bezier 21","sr":1,"ks":{"o":{"a":0,"k":100},"r":{"a":1,"k":[{"i":{"x":[0.232],"y":[0.991]},"o":{"x":[0.761],"y":[0.009]},"t":0,"s":[0]},{"t":80,"s":[810]}]},"p":{"a":0,"k":[256,256,0]},"a":{"a":0,"k":[479.5,-90,0]},"s":{"a":1,"k":[{"i":{"x":[0.833,0.833,0.833],"y":[1,1,1]},"o":{"x":[0.167,0.167,0.167],"y":[0,0,0]},"t":0,"s":[74,74,100]},{"i":{"x":[0.833,0.833,0.833],"y":[1,1,1]},"o":{"x":[0.167,0.167,0.167],"y":[0,0,0]},"t":30,"s":[60,60,100]},{"i":{"x":[0.833,0.833,0.833],"y":[1,1,1]},"o":{"x":[0.167,0.167,0.167],"y":[0,0,0]},"t":60,"s":[74,74,100]},{"i":{"x":[0.833,0.833,0.833],"y":[1,1,1]},"o":{"x":[0.167,0.167,0.167],"y":[0,0,0]},"t":90,"s":[60,60,100]},{"t":120,"s":[74,74,100]}]}},"ao":0,"shapes":[{"ty":"gr","it":[{"ind":0,"ty":"sh","ks":{"a":1,"k":[{"i":{"x":0.833,"y":0.833},"o":{"x":0.221,"y":0},"t":0,"s":[{"i":[[-216,0],[-209,0]],"o":[[214,0],[193,0]],"v":[[300,64],[659,-244]],"c":false}]},{"i":{"x":0.004,"y":0},"o":{"x":0.167,"y":0.167},"t":10,"s":[{"i":[[-164.903,-51.097],[-93.232,198.742]],"o":[[119.311,104.356],[107.339,-91.138]],"v":[[305.032,-9.13],[653.687,-171.658]],"c":false}]},{"i":{"x":0.568,"y":0.571},"o":{"x":0.368,"y":0.37},"t":20,"s":[{"i":[[-108,-108],[-14.27,230.096]],"o":[[13.864,220.569],[11.946,-192.63]],"v":[[310.636,-90.569],[647.77,-91.096]],"c":false}]},{"i":{"x":0.833,"y":0.833},"o":{"x":0.908,"y":0.901},"t":60,"s":[{"i":[[-108,-108],[-14.27,230.096]],"o":[[13.864,220.569],[11.946,-192.63]],"v":[[310.636,-90.569],[647.77,-91.096]],"c":false}]},{"i":{"x":0.74,"y":1},"o":{"x":0.167,"y":0.167},"t":71,"s":[{"i":[[-108,-108],[-47.079,56.864]],"o":[[8.518,217.131],[7.477,-45.36]],"v":[[316.364,-159.309],[622.765,-27.532]],"c":false}]},{"t":90,"s":[{"i":[[-108,-108],[-0.27,-214.904]],"o":[[-0.136,211.569],[0.242,193]],"v":[[325.636,-270.569],[633.77,89.904]],"c":false}]}]},"nm":"Path 1"},{"ty":"st","c":{"a":0,"k":[0,0.337,0.337,1]},"o":{"a":0,"k":100},"w":{"a":0,"k":68},"lc":2,"lj":2,"nm":"Stroke 1"},{"ty":"tr","p":{"a":0,"k":[0,0]},"a":{"a":0,"k":[0,0]},"s":{"a":0,"k":[100,100]},"r":{"a":0,"k":0},"o":{"a":0,"k":20},"sk":{"a":0,"k":0},"sa":{"a":0,"k":0},"nm":"Transform"}],"nm":"Shape 1"},{"ty":"gr","it":[{"ind":0,"ty":"sh","ks":{"a":1,"k":[{"i":{"x":0.833,"y":0.833},"o":{"x":0.221,"y":0},"t":0,"s":[{"i":[[-216,0],[-209,0]],"o":[[214,0],[193,0]],"v":[[300,64],[659,-244]],"c":false}]},{"i":{"x":0.004,"y":0},"o":{"x":0.167,"y":0.167},"t":10,"s":[{"i":[[-164.903,-51.097],[-93.232,198.742]],"o":[[119.311,104.356],[107.339,-91.138]],"v":[[305.032,-9.13],[653.687,-171.658]],"c":false}]},{"i":{"x":0.568,"y":0.571},"o":{"x":0.368,"y":0.37},"t":20,"s":[{"i":[[-108,-108],[-14.27,230.096]],"o":[[13.864,220.569],[11.946,-192.63]],"v":[[310.636,-90.569],[647.77,-91.096]],"c":false}]},{"i":{"x":0.833,"y":0.833},"o":{"x":0.908,"y":0.901},"t":60,"s":[{"i":[[-108,-108],[-14.27,230.096]],"o":[[13.864,220.569],[11.946,-192.63]],"v":[[310.636,-90.569],[647.77,-91.096]],"c":false}]},{"i":{"x":0.74,"y":1},"o":{"x":0.167,"y":0.167},"t":71,"s":[{"i":[[-108,-108],[-47.079,56.864]],"o":[[8.518,217.131],[7.477,-45.36]],"v":[[316.364,-159.309],[622.765,-27.532]],"c":false}]},{"t":90,"s":[{"i":[[-108,-108],[-0.27,-214.904]],"o":[[-0.136,211.569],[0.242,193]],"v":[[325.636,-270.569],[633.77,89.904]],"c":false}]}]},"nm":"Path 1"},{"ty":"st","c":{"a":0,"k":[0,0.867,0.702,1]},"o":{"a":0,"k":100},"w":{"a":0,"k":68},"lc":2,"lj":2,"nm":"Stroke 1"},{"ty":"tr","p":{"a":0,"k":[0,0]},"a":{"a":0,"k":[0,0]},"s":{"a":0,"k":[100,100]},"r":{"a":0,"k":0},"o":{"a":0,"k":100},"sk":{"a":0,"k":0},"sa":{"a":0,"k":0},"nm":"Transform"}],"nm":"Shape 2"},{"ty":"tm","s":{"a":1,"k":[{"i":{"x":[0.833],"y":[1]},"o":{"x":[0.669],"y":[0]},"t":75,"s":[0]},{"t":115,"s":[100]}]},"e":{"a":1,"k":[{"i":{"x":[0.833],"y":[1]},"o":{"x":[0.669],"y":[0]},"t":66,"s":[0]},{"t":106,"s":[100]}]},"o":{"a":0,"k":0},"m":1,"nm":"Trim Paths 1"}],"ip":0,"op":120,"st":0},{"ind":9,"ty":4,"nm":"Bezier 18","sr":1,"ks":{"o":{"a":0,"k":100},"r":{"a":1,"k":[{"i":{"x":[0.232],"y":[0.991]},"o":{"x":[0.761],"y":[0.009]},"t":0,"s":[0]},{"t":80,"s":[810]}]},"p":{"a":0,"k":[256,256,0]},"a":{"a":0,"k":[479.5,-90,0]},"s":{"a":1,"k":[{"i":{"x":[0.833,0.833,0.833],"y":[1,1,1]},"o":{"x":[0.167,0.167,0.167],"y":[0,0,0]},"t":0,"s":[74,74,100]},{"i":{"x":[0.833,0.833,0.833],"y":[1,1,1]},"o":{"x":[0.167,0.167,0.167],"y":[0,0,0]},"t":30,"s":[60,60,100]},{"i":{"x":[0.833,0.833,0.833],"y":[1,1,1]},"o":{"x":[0.167,0.167,0.167],"y":[0,0,0]},"t":60,"s":[74,74,100]},{"i":{"x":[0.833,0.833,0.833],"y":[1,1,1]},"o":{"x":[0.167,0.167,0.167],"y":[0,0,0]},"t":90,"s":[60,60,100]},{"t":120,"s":[74,74,100]}]}},"ao":0,"shapes":[{"ty":"gr","it":[{"ind":0,"ty":"sh","ks":{"a":1,"k":[{"i":{"x":0.833,"y":0.833},"o":{"x":0.221,"y":0},"t":0,"s":[{"i":[[-216,0],[-209,0]],"o":[[214,0],[193,0]],"v":[[300,64],[659,-244]],"c":false}]},{"i":{"x":0.004,"y":0},"o":{"x":0.167,"y":0.167},"t":10,"s":[{"i":[[-164.903,-51.097],[-93.232,198.742]],"o":[[119.311,104.356],[107.339,-91.138]],"v":[[305.032,-9.13],[653.687,-171.658]],"c":false}]},{"i":{"x":0.568,"y":0.571},"o":{"x":0.368,"y":0.37},"t":20,"s":[{"i":[[-108,-108],[-14.27,230.096]],"o":[[13.864,220.569],[11.946,-192.63]],"v":[[310.636,-90.569],[647.77,-91.096]],"c":false}]},{"i":{"x":0.833,"y":0.833},"o":{"x":0.908,"y":0.901},"t":60,"s":[{"i":[[-108,-108],[-14.27,230.096]],"o":[[13.864,220.569],[11.946,-192.63]],"v":[[310.636,-90.569],[647.77,-91.096]],"c":false}]},{"i":{"x":0.74,"y":1},"o":{"x":0.167,"y":0.167},"t":71,"s":[{"i":[[-108,-108],[-47.079,56.864]],"o":[[8.518,217.131],[7.477,-45.36]],"v":[[316.364,-159.309],[622.765,-27.532]],"c":false}]},{"t":90,"s":[{"i":[[-108,-108],[-0.27,-214.904]],"o":[[-0.136,211.569],[0.242,193]],"v":[[325.636,-270.569],[633.77,89.904]],"c":false}]}]},"nm":"Path 1"},{"ty":"st","c":{"a":0,"k":[1,1,1,1]},"o":{"a":0,"k":100},"w":{"a":0,"k":68},"lc":2,"lj":2,"nm":"Stroke 1"},{"ty":"tr","p":{"a":0,"k":[0,0]},"a":{"a":0,"k":[0,0]},"s":{"a":0,"k":[100,100]},"r":{"a":0,"k":0},"o":{"a":0,"k":100},"sk":{"a":0,"k":0},"sa":{"a":0,"k":0},"nm":"Transform"}],"nm":"Shape 1"},{"ty":"tm","s":{"a":0,"k":0},"e":{"a":1,"k":[{"i":{"x":[0.833],"y":[1]},"o":{"x":[0.333],"y":[0]},"t":51,"s":[100]},{"i":{"x":[0.667],"y":[1]},"o":{"x":[0.167],"y":[0]},"t":63,"s":[85]},{"t":97,"s":[100]}]},"o":{"a":0,"k":0},"m":1,"nm":"Trim Paths 1"}],"ip":0,"op":120,"st":0},{"ind":10,"ty":4,"nm":"Shape Layer 1","sr":1,"ks":{"o":{"a":0,"k":100},"r":{"a":0,"k":0},"p":{"a":0,"k":[256,256,0]},"a":{"a":0,"k":[0,0,0]},"s":{"a":1,"k":[{"i":{"x":[0.654,0.654,0.833],"y":[1,1,1]},"o":{"x":[0.333,0.333,0.333],"y":[0,0,0]},"t":0,"s":[100,100,100]},{"i":{"x":[0.667,0.667,0.667],"y":[1,1,1]},"o":{"x":[0.276,0.276,0.159],"y":[0,0,0]},"t":30,"s":[82,82,100]},{"i":{"x":[0.698,0.698,0.833],"y":[1,1,1]},"o":{"x":[0.333,0.333,0.333],"y":[0,0,0]},"t":60,"s":[100,100,100]},{"i":{"x":[0.667,0.667,0.667],"y":[1,1,1]},"o":{"x":[0.304,0.304,0.167],"y":[0,0,0]},"t":90,"s":[82,82,100]},{"t":120,"s":[100,100,100]}]}},"ao":0,"shapes":[{"ty":"gr","it":[{"d":1,"ty":"el","s":{"a":0,"k":[512,512]},"p":{"a":0,"k":[0,0]},"nm":"Ellipse Path 1"},{"ty":"fl","c":{"a":0,"k":[0,0.867,0.702,1]},"o":{"a":0,"k":100},"r":1,"nm":"Fill 1"},{"ty":"tr","p":{"a":0,"k":[0,0]},"a":{"a":0,"k":[0,0]},"s":{"a":0,"k":[100,100]},"r":{"a":0,"k":0},"o":{"a":0,"k":100},"sk":{"a":0,"k":0},"sa":{"a":0,"k":0},"nm":"Transform"}],"nm":"Ellipse 1"}],"ip":0,"op":120,"st":0}],"markers":[]}